Benchmark ID,Product Name,Competitor Name,Product Category,Feature Category,Feature Name,Our Product Availability,Competitor Availability,Feature Importance Score,Customer Demand Score,Customer Rating,Competitor Rating,Our Product Price,Competitor Price,Pricing Model,User Experience Score,Performance Score,Integration Score,Customer Support Score,Mobile App Availability,AI Capability Score,Security Score,Market Share %,Feature Gap Score,Competitive Advantage Score,Opportunity Score,Priority Level,Recommended Action
B001,TaskFlow,Competitor Benchmark,Productivity SaaS,Core,Task Management,Yes,No,5,5,4.1,4.1,12.0,12.0,Per-user/month,82,84,78,80,Yes,42,76,8.0,0.0,0,1.0,Low,Maintain
B002,TaskFlow,Competitor Benchmark,Productivity SaaS,Core,Project Planning,Yes,No,5,5,4.1,4.1,12.0,12.0,Per-user/month,82,84,78,80,Yes,42,76,8.0,0.0,0,1.0,Low,Maintain
B003,TaskFlow,Competitor Benchmark,Productivity SaaS,Core,Task Dependencies,Partial,No,4,5,4.1,4.1,12.0,12.0,Per-user/month,82,84,78,80,Yes,42,76,8.0,2.0,0,2.4,Medium,Improve coverage
B004,TaskFlow,Competitor Benchmark,Productivity SaaS,Advanced,Custom Workflows,Yes,No,5,4,4.1,4.1,12.0,12.0,Per-user/month,82,84,78,80,Yes,42,76,8.0,0.0,0,0.8,Low,Maintain
B005,TaskFlow,Competitor Benchmark,Productivity SaaS,Advanced,Automation,Partial,No,5,5,4.1,4.1,12.0,12.0,Per-user/month,82,84,78,80,Yes,42,76,8.0,2.5,0,3.5,High,Improve coverage
B006,TaskFlow,Competitor Benchmark,Productivity SaaS,AI,AI Assistant,No,No,5,5,4.1,4.1,12.0,12.0,Per-user/month,82,84,78,80,Yes,42,76,8.0,5.0,0,6.0,High,Build now
B007,TaskFlow,Competitor Benchmark,Productivity SaaS,AI,AI Summaries,No,No,4,4,4.1,4.1,12.0,12.0,Per-user/month,82,84,78,80,Yes,42,76,8.0,4.0,0,3.2,High,Evaluate gap
B008,TaskFlow,Competitor Benchmark,Productivity SaaS,Analytics,Advanced Reporting,Partial,No,4,4,4.1,4.1,12.0,12.0,Per-user/month,82,84,78,80,Yes,42,76,8.0,2.0,0,1.92,Medium,Improve coverage
B009,TaskFlow,Competitor Benchmark,Productivity SaaS,Analytics,Dashboards,Yes,No,4,4,4.1,4.1,12.0,12.0,Per-user/month,82,84,78,80,Yes,42,76,8.0,0.0,0,0.64,Low,Maintain
B010,TaskFlow,Competitor Benchmark,Productivity SaaS,Integrations,Third-party Integrations,Yes,No,5,5,4.1,4.1,12.0,12.0,Per-user/month,82,84,78,80,Yes,42,76,8.0,0.0,0,1.0,Low,Maintain
B011,TaskFlow,Competitor Benchmark,Productivity SaaS,Collaboration,Real-time Collaboration,Yes,No,4,4,4.1,4.1,12.0,12.0,Per-user/month,82,84,78,80,Yes,42,76,8.0,0.0,0,0.64,Low,Maintain
B012,TaskFlow,Competitor Benchmark,Productivity SaaS,Collaboration,Comments & Mentions,Yes,No,3,3,4.1,4.1,12.0,12.0,Per-user/month,82,84,78,80,Yes,42,76,8.0,0.0,0,0.36,Low,Maintain
B013,TaskFlow,Competitor Benchmark,Productivity SaaS,Mobile,Mobile App,Yes,No,4,4,4.1,4.1,12.0,12.0,Per-user/month,82,84,78,80,Yes,42,76,8.0,0.0,0,0.64,Low,Maintain
B014,TaskFlow,Competitor Benchmark,Productivity SaaS,Security,SSO & Enterprise Security,Partial,No,5,5,4.1,4.1,12.0,12.0,Per-user/month,82,84,78,80,Yes,42,76,8.0,2.5,0,3.5,High,Improve coverage
B015,TaskFlow,Competitor Benchmark,Productivity SaaS,Security,Audit Logs,No,No,4,4,4.1,4.1,12.0,12.0,Per-user/month,82,84,78,80,Yes,42,76,8.0,4.0,0,3.2,High,Evaluate gap
B016,TaskFlow,Competitor Benchmark,Productivity SaaS,Experience,Ease of Use,Yes,No,5,5,4.1,4.1,12.0,12.0,Per-user/month,82,84,78,80,Yes,42,76,8.0,0.0,0,1.0,Low,Maintain
B017,TaskFlow,Competitor Benchmark,Productivity SaaS,Experience,Onboarding,Yes,No,4,4,4.1,4.1,12.0,12.0,Per-user/month,82,84,78,80,Yes,42,76,8.0,0.0,0,0.64,Low,Maintain
B018,TaskFlow,Competitor Benchmark,Productivity SaaS,Support,Customer Support,Yes,No,4,4,4.1,4.1,12.0,12.0,Per-user/month,82,84,78,80,Yes,42,76,8.0,0.0,0,0.64,Low,Maintain
B019,TaskFlow,Competitor Benchmark,Productivity SaaS,Customization,Custom Fields,Yes,No,4,4,4.1,4.1,12.0,12.0,Per-user/month,82,84,78,80,Yes,42,76,8.0,0.0,0,0.64,Low,Maintain
B020,TaskFlow,Competitor Benchmark,Productivity SaaS,Pricing,Free/Freemium Plan,Yes,No,3,3,4.1,4.1,12.0,12.0,Per-user/month,82,84,78,80,Yes,42,76,8.0,0.0,0,0.36,Low,Maintain
B021,Asana,Competitor Benchmark,Productivity SaaS,Core,Task Management,Yes,Yes,5,5,4.5,4.5,13.49,13.49,Per-user/month,90,90,92,88,Yes,90,94,16.0,0.0,0,0.0,,
B022,Asana,Competitor Benchmark,Productivity SaaS,Core,Project Planning,Yes,Yes,5,5,4.5,4.5,13.49,13.49,Per-user/month,90,90,92,88,Yes,90,94,16.0,0.0,0,0.0,,
B023,Asana,Competitor Benchmark,Productivity SaaS,Core,Task Dependencies,Yes,Yes,4,5,4.5,4.5,13.49,13.49,Per-user/month,90,90,92,88,Yes,90,94,16.0,0.0,0,0.0,,
B024,Asana,Competitor Benchmark,Productivity SaaS,Advanced,Custom Workflows,Yes,Yes,5,4,4.5,4.5,13.49,13.49,Per-user/month,90,90,92,88,Yes,90,94,16.0,0.0,0,0.0,,
B025,Asana,Competitor Benchmark,Productivity SaaS,Advanced,Automation,Yes,Yes,5,5,4.5,4.5,13.49,13.49,Per-user/month,90,90,92,88,Yes,90,94,16.0,0.0,0,0.0,,
B026,Asana,Competitor Benchmark,Productivity SaaS,AI,AI Assistant,Yes,Yes,5,5,4.5,4.5,13.49,13.49,Per-user/month,90,90,92,88,Yes,90,94,16.0,0.0,0,0.0,,
B027,Asana,Competitor Benchmark,Productivity SaaS,AI,AI Summaries,Yes,Yes,4,4,4.5,4.5,13.49,13.49,Per-user/month,90,90,92,88,Yes,90,94,16.0,0.0,0,0.0,,
B028,Asana,Competitor Benchmark,Productivity SaaS,Analytics,Advanced Reporting,Yes,Yes,4,4,4.5,4.5,13.49,13.49,Per-user/month,90,90,92,88,Yes,90,94,16.0,0.0,0,0.0,,
B029,Asana,Competitor Benchmark,Productivity SaaS,Analytics,Dashboards,Yes,Yes,4,4,4.5,4.5,13.49,13.49,Per-user/month,90,90,92,88,Yes,90,94,16.0,0.0,0,0.0,,
B030,Asana,Competitor Benchmark,Productivity SaaS,Integrations,Third-party Integrations,Yes,Yes,5,5,4.5,4.5,13.49,13.49,Per-user/month,90,90,92,88,Yes,90,94,16.0,0.0,0,0.0,,
B031,Asana,Competitor Benchmark,Productivity SaaS,Collaboration,Real-time Collaboration,Yes,Yes,4,4,4.5,4.5,13.49,13.49,Per-user/month,90,90,92,88,Yes,90,94,16.0,0.0,0,0.0,,
B032,Asana,Competitor Benchmark,Productivity SaaS,Collaboration,Comments & Mentions,Yes,Yes,3,3,4.5,4.5,13.49,13.49,Per-user/month,90,90,92,88,Yes,90,94,16.0,0.0,0,0.0,,
B033,Asana,Competitor Benchmark,Productivity SaaS,Mobile,Mobile App,Yes,Yes,4,4,4.5,4.5,13.49,13.49,Per-user/month,90,90,92,88,Yes,90,94,16.0,0.0,0,0.0,,
B034,Asana,Competitor Benchmark,Productivity SaaS,Security,SSO & Enterprise Security,Yes,Yes,5,5,4.5,4.5,13.49,13.49,Per-user/month,90,90,92,88,Yes,90,94,16.0,0.0,0,0.0,,
B035,Asana,Competitor Benchmark,Productivity SaaS,Security,Audit Logs,Yes,Yes,4,4,4.5,4.5,13.49,13.49,Per-user/month,90,90,92,88,Yes,90,94,16.0,0.0,0,0.0,,
B036,Asana,Competitor Benchmark,Productivity SaaS,Experience,Ease of Use,Yes,Yes,5,5,4.5,4.5,13.49,13.49,Per-user/month,90,90,92,88,Yes,90,94,16.0,0.0,0,0.0,,
B037,Asana,Competitor Benchmark,Productivity SaaS,Experience,Onboarding,Yes,Yes,4,4,4.5,4.5,13.49,13.49,Per-user/month,90,90,92,88,Yes,90,94,16.0,0.0,0,0.0,,
B038,Asana,Competitor Benchmark,Productivity SaaS,Support,Customer Support,Yes,Yes,4,4,4.5,4.5,13.49,13.49,Per-user/month,90,90,92,88,Yes,90,94,16.0,0.0,0,0.0,,
B039,Asana,Competitor Benchmark,Productivity SaaS,Customization,Custom Fields,Yes,Yes,4,4,4.5,4.5,13.49,13.49,Per-user/month,90,90,92,88,Yes,90,94,16.0,0.0,0,0.0,,
B040,Asana,Competitor Benchmark,Productivity SaaS,Pricing,Free/Freemium Plan,Yes,Yes,3,3,4.5,4.5,13.49,13.49,Per-user/month,90,90,92,88,Yes,90,94,16.0,0.0,0,0.0,,
B041,ClickUp,Competitor Benchmark,Productivity SaaS,Core,Task Management,Yes,Yes,5,5,4.4,4.4,10.0,10.0,Per-user/month,86,88,95,84,Yes,94,92,12.0,0.0,0,0.0,,
B042,ClickUp,Competitor Benchmark,Productivity SaaS,Core,Project Planning,Yes,Yes,5,5,4.4,4.4,10.0,10.0,Per-user/month,86,88,95,84,Yes,94,92,12.0,0.0,0,0.0,,
B043,ClickUp,Competitor Benchmark,Productivity SaaS,Core,Task Dependencies,Yes,Yes,4,5,4.4,4.4,10.0,10.0,Per-user/month,86,88,95,84,Yes,94,92,12.0,0.0,0,0.0,,
B044,ClickUp,Competitor Benchmark,Productivity SaaS,Advanced,Custom Workflows,Yes,Yes,5,4,4.4,4.4,10.0,10.0,Per-user/month,86,88,95,84,Yes,94,92,12.0,0.0,0,0.0,,
B045,ClickUp,Competitor Benchmark,Productivity SaaS,Advanced,Automation,Yes,Yes,5,5,4.4,4.4,10.0,10.0,Per-user/month,86,88,95,84,Yes,94,92,12.0,0.0,0,0.0,,
B046,ClickUp,Competitor Benchmark,Productivity SaaS,AI,AI Assistant,Yes,Yes,5,5,4.4,4.4,10.0,10.0,Per-user/month,86,88,95,84,Yes,94,92,12.0,0.0,0,0.0,,
B047,ClickUp,Competitor Benchmark,Productivity SaaS,AI,AI Summaries,Yes,Yes,4,4,4.4,4.4,10.0,10.0,Per-user/month,86,88,95,84,Yes,94,92,12.0,0.0,0,0.0,,
B048,ClickUp,Competitor Benchmark,Productivity SaaS,Analytics,Advanced Reporting,Yes,Yes,4,4,4.4,4.4,10.0,10.0,Per-user/month,86,88,95,84,Yes,94,92,12.0,0.0,0,0.0,,
B049,ClickUp,Competitor Benchmark,Productivity SaaS,Analytics,Dashboards,Yes,Yes,4,4,4.4,4.4,10.0,10.0,Per-user/month,86,88,95,84,Yes,94,92,12.0,0.0,0,0.0,,
B050,ClickUp,Competitor Benchmark,Productivity SaaS,Integrations,Third-party Integrations,Yes,Yes,5,5,4.4,4.4,10.0,10.0,Per-user/month,86,88,95,84,Yes,94,92,12.0,0.0,0,0.0,,
B051,ClickUp,Competitor Benchmark,Productivity SaaS,Collaboration,Real-time Collaboration,Yes,Yes,4,4,4.4,4.4,10.0,10.0,Per-user/month,86,88,95,84,Yes,94,92,12.0,0.0,0,0.0,,
B052,ClickUp,Competitor Benchmark,Productivity SaaS,Collaboration,Comments & Mentions,Yes,Yes,3,3,4.4,4.4,10.0,10.0,Per-user/month,86,88,95,84,Yes,94,92,12.0,0.0,0,0.0,,
B053,ClickUp,Competitor Benchmark,Productivity SaaS,Mobile,Mobile App,Yes,Yes,4,4,4.4,4.4,10.0,10.0,Per-user/month,86,88,95,84,Yes,94,92,12.0,0.0,0,0.0,,
B054,ClickUp,Competitor Benchmark,Productivity SaaS,Security,SSO & Enterprise Security,Yes,Yes,5,5,4.4,4.4,10.0,10.0,Per-user/month,86,88,95,84,Yes,94,92,12.0,0.0,0,0.0,,
B055,ClickUp,Competitor Benchmark,Productivity SaaS,Security,Audit Logs,Yes,Yes,4,4,4.4,4.4,10.0,10.0,Per-user/month,86,88,95,84,Yes,94,92,12.0,0.0,0,0.0,,
B056,ClickUp,Competitor Benchmark,Productivity SaaS,Experience,Ease of Use,Yes,Yes,5,5,4.4,4.4,10.0,10.0,Per-user/month,86,88,95,84,Yes,94,92,12.0,0.0,0,0.0,,
B057,ClickUp,Competitor Benchmark,Productivity SaaS,Experience,Onboarding,Partial,Partial,4,4,4.4,4.4,10.0,10.0,Per-user/month,86,88,95,84,Yes,94,92,12.0,0.0,0,0.0,,
B058,ClickUp,Competitor Benchmark,Productivity SaaS,Support,Customer Support,Yes,Yes,4,4,4.4,4.4,10.0,10.0,Per-user/month,86,88,95,84,Yes,94,92,12.0,0.0,0,0.0,,
B059,ClickUp,Competitor Benchmark,Productivity SaaS,Customization,Custom Fields,Yes,Yes,4,4,4.4,4.4,10.0,10.0,Per-user/month,86,88,95,84,Yes,94,92,12.0,0.0,0,0.0,,
B060,ClickUp,Competitor Benchmark,Productivity SaaS,Pricing,Free/Freemium Plan,Yes,Yes,3,3,4.4,4.4,10.0,10.0,Per-user/month,86,88,95,84,Yes,94,92,12.0,0.0,0,0.0,,
B061,monday.com,Competitor Benchmark,Productivity SaaS,Core,Task Management,Yes,Yes,5,5,4.3,4.3,12.0,12.0,Per-user/month,88,87,90,86,Yes,78,90,13.0,0.0,0,0.0,,
B062,monday.com,Competitor Benchmark,Productivity SaaS,Core,Project Planning,Yes,Yes,5,5,4.3,4.3,12.0,12.0,Per-user/month,88,87,90,86,Yes,78,90,13.0,0.0,0,0.0,,
B063,monday.com,Competitor Benchmark,Productivity SaaS,Core,Task Dependencies,Partial,Partial,4,5,4.3,4.3,12.0,12.0,Per-user/month,88,87,90,86,Yes,78,90,13.0,0.0,0,0.0,,
B064,monday.com,Competitor Benchmark,Productivity SaaS,Advanced,Custom Workflows,Yes,Yes,5,4,4.3,4.3,12.0,12.0,Per-user/month,88,87,90,86,Yes,78,90,13.0,0.0,0,0.0,,
B065,monday.com,Competitor Benchmark,Productivity SaaS,Advanced,Automation,Yes,Yes,5,5,4.3,4.3,12.0,12.0,Per-user/month,88,87,90,86,Yes,78,90,13.0,0.0,0,0.0,,
B066,monday.com,Competitor Benchmark,Productivity SaaS,AI,AI Assistant,Yes,Yes,5,5,4.3,4.3,12.0,12.0,Per-user/month,88,87,90,86,Yes,78,90,13.0,0.0,0,0.0,,
B067,monday.com,Competitor Benchmark,Productivity SaaS,AI,AI Summaries,Partial,Partial,4,4,4.3,4.3,12.0,12.0,Per-user/month,88,87,90,86,Yes,78,90,13.0,0.0,0,0.0,,
B068,monday.com,Competitor Benchmark,Productivity SaaS,Analytics,Advanced Reporting,Yes,Yes,4,4,4.3,4.3,12.0,12.0,Per-user/month,88,87,90,86,Yes,78,90,13.0,0.0,0,0.0,,
B069,monday.com,Competitor Benchmark,Productivity SaaS,Analytics,Dashboards,Yes,Yes,4,4,4.3,4.3,12.0,12.0,Per-user/month,88,87,90,86,Yes,78,90,13.0,0.0,0,0.0,,
B070,monday.com,Competitor Benchmark,Productivity SaaS,Integrations,Third-party Integrations,Yes,Yes,5,5,4.3,4.3,12.0,12.0,Per-user/month,88,87,90,86,Yes,78,90,13.0,0.0,0,0.0,,
B071,monday.com,Competitor Benchmark,Productivity SaaS,Collaboration,Real-time Collaboration,Yes,Yes,4,4,4.3,4.3,12.0,12.0,Per-user/month,88,87,90,86,Yes,78,90,13.0,0.0,0,0.0,,
B072,monday.com,Competitor Benchmark,Productivity SaaS,Collaboration,Comments & Mentions,Yes,Yes,3,3,4.3,4.3,12.0,12.0,Per-user/month,88,87,90,86,Yes,78,90,13.0,0.0,0,0.0,,
B073,monday.com,Competitor Benchmark,Productivity SaaS,Mobile,Mobile App,Yes,Yes,4,4,4.3,4.3,12.0,12.0,Per-user/month,88,87,90,86,Yes,78,90,13.0,0.0,0,0.0,,
B074,monday.com,Competitor Benchmark,Productivity SaaS,Security,SSO & Enterprise Security,Yes,Yes,5,5,4.3,4.3,12.0,12.0,Per-user/month,88,87,90,86,Yes,78,90,13.0,0.0,0,0.0,,
B075,monday.com,Competitor Benchmark,Productivity SaaS,Security,Audit Logs,Yes,Yes,4,4,4.3,4.3,12.0,12.0,Per-user/month,88,87,90,86,Yes,78,90,13.0,0.0,0,0.0,,
B076,monday.com,Competitor Benchmark,Productivity SaaS,Experience,Ease of Use,Yes,Yes,5,5,4.3,4.3,12.0,12.0,Per-user/month,88,87,90,86,Yes,78,90,13.0,0.0,0,0.0,,
B077,monday.com,Competitor Benchmark,Productivity SaaS,Experience,Onboarding,Partial,Partial,4,4,4.3,4.3,12.0,12.0,Per-user/month,88,87,90,86,Yes,78,90,13.0,0.0,0,0.0,,
B078,monday.com,Competitor Benchmark,Productivity SaaS,Support,Customer Support,Yes,Yes,4,4,4.3,4.3,12.0,12.0,Per-user/month,88,87,90,86,Yes,78,90,13.0,0.0,0,0.0,,
B079,monday.com,Competitor Benchmark,Productivity SaaS,Customization,Custom Fields,Yes,Yes,4,4,4.3,4.3,12.0,12.0,Per-user/month,88,87,90,86,Yes,78,90,13.0,0.0,0,0.0,,
B080,monday.com,Competitor Benchmark,Productivity SaaS,Pricing,Free/Freemium Plan,Yes,Yes,3,3,4.3,4.3,12.0,12.0,Per-user/month,88,87,90,86,Yes,78,90,13.0,0.0,0,0.0,,
B081,Notion,Competitor Benchmark,Productivity SaaS,Core,Task Management,Yes,Yes,5,5,4.6,4.6,10.0,10.0,Per-user/month,91,85,86,82,Yes,92,84,10.0,0.0,0,0.0,,
B082,Notion,Competitor Benchmark,Productivity SaaS,Core,Project Planning,Partial,Partial,5,5,4.6,4.6,10.0,10.0,Per-user/month,91,85,86,82,Yes,92,84,10.0,0.0,0,0.0,,
B083,Notion,Competitor Benchmark,Productivity SaaS,Core,Task Dependencies,No,No,4,5,4.6,4.6,10.0,10.0,Per-user/month,91,85,86,82,Yes,92,84,10.0,0.0,0,0.0,,
B084,Notion,Competitor Benchmark,Productivity SaaS,Advanced,Custom Workflows,Yes,Yes,5,4,4.6,4.6,10.0,10.0,Per-user/month,91,85,86,82,Yes,92,84,10.0,0.0,0,0.0,,
B085,Notion,Competitor Benchmark,Productivity SaaS,Advanced,Automation,Partial,Partial,5,5,4.6,4.6,10.0,10.0,Per-user/month,91,85,86,82,Yes,92,84,10.0,0.0,0,0.0,,
B086,Notion,Competitor Benchmark,Productivity SaaS,AI,AI Assistant,Yes,Yes,5,5,4.6,4.6,10.0,10.0,Per-user/month,91,85,86,82,Yes,92,84,10.0,0.0,0,0.0,,
B087,Notion,Competitor Benchmark,Productivity SaaS,AI,AI Summaries,Yes,Yes,4,4,4.6,4.6,10.0,10.0,Per-user/month,91,85,86,82,Yes,92,84,10.0,0.0,0,0.0,,
B088,Notion,Competitor Benchmark,Productivity SaaS,Analytics,Advanced Reporting,Yes,Yes,4,4,4.6,4.6,10.0,10.0,Per-user/month,91,85,86,82,Yes,92,84,10.0,0.0,0,0.0,,
B089,Notion,Competitor Benchmark,Productivity SaaS,Analytics,Dashboards,Yes,Yes,4,4,4.6,4.6,10.0,10.0,Per-user/month,91,85,86,82,Yes,92,84,10.0,0.0,0,0.0,,
B090,Notion,Competitor Benchmark,Productivity SaaS,Integrations,Third-party Integrations,Yes,Yes,5,5,4.6,4.6,10.0,10.0,Per-user/month,91,85,86,82,Yes,92,84,10.0,0.0,0,0.0,,
B091,Notion,Competitor Benchmark,Productivity SaaS,Collaboration,Real-time Collaboration,Yes,Yes,4,4,4.6,4.6,10.0,10.0,Per-user/month,91,85,86,82,Yes,92,84,10.0,0.0,0,0.0,,
B092,Notion,Competitor Benchmark,Productivity SaaS,Collaboration,Comments & Mentions,Yes,Yes,3,3,4.6,4.6,10.0,10.0,Per-user/month,91,85,86,82,Yes,92,84,10.0,0.0,0,0.0,,
B093,Notion,Competitor Benchmark,Productivity SaaS,Mobile,Mobile App,Yes,Yes,4,4,4.6,4.6,10.0,10.0,Per-user/month,91,85,86,82,Yes,92,84,10.0,0.0,0,0.0,,
B094,Notion,Competitor Benchmark,Productivity SaaS,Security,SSO & Enterprise Security,Partial,Partial,5,5,4.6,4.6,10.0,10.0,Per-user/month,91,85,86,82,Yes,92,84,10.0,0.0,0,0.0,,
B095,Notion,Competitor Benchmark,Productivity SaaS,Security,Audit Logs,Partial,Partial,4,4,4.6,4.6,10.0,10.0,Per-user/month,91,85,86,82,Yes,92,84,10.0,0.0,0,0.0,,
B096,Notion,Competitor Benchmark,Productivity SaaS,Experience,Ease of Use,Yes,Yes,5,5,4.6,4.6,10.0,10.0,Per-user/month,91,85,86,82,Yes,92,84,10.0,0.0,0,0.0,,
B097,Notion,Competitor Benchmark,Productivity SaaS,Experience,Onboarding,Yes,Yes,4,4,4.6,4.6,10.0,10.0,Per-user/month,91,85,86,82,Yes,92,84,10.0,0.0,0,0.0,,
B098,Notion,Competitor Benchmark,Productivity SaaS,Support,Customer Support,Partial,Partial,4,4,4.6,4.6,10.0,10.0,Per-user/month,91,85,86,82,Yes,92,84,10.0,0.0,0,0.0,,
B099,Notion,Competitor Benchmark,Productivity SaaS,Customization,Custom Fields,Yes,Yes,4,4,4.6,4.6,10.0,10.0,Per-user/month,91,85,86,82,Yes,92,84,10.0,0.0,0,0.0,,
B100,Notion,Competitor Benchmark,Productivity SaaS,Pricing,Free/Freemium Plan,Yes,Yes,3,3,4.6,4.6,10.0,10.0,Per-user/month,91,85,86,82,Yes,92,84,10.0,0.0,0,0.0,,
B101,Trello,Competitor Benchmark,Productivity SaaS,Core,Task Management,Yes,Yes,5,5,4.4,4.4,5.0,5.0,Per-user/month,87,89,84,83,Yes,65,80,11.0,0.0,0,0.0,,
B102,Trello,Competitor Benchmark,Productivity SaaS,Core,Project Planning,Partial,Partial,5,5,4.4,4.4,5.0,5.0,Per-user/month,87,89,84,83,Yes,65,80,11.0,0.0,0,0.0,,
B103,Trello,Competitor Benchmark,Productivity SaaS,Core,Task Dependencies,Yes,Yes,4,5,4.4,4.4,5.0,5.0,Per-user/month,87,89,84,83,Yes,65,80,11.0,0.0,0,0.0,,
B104,Trello,Competitor Benchmark,Productivity SaaS,Advanced,Custom Workflows,Partial,Partial,5,4,4.4,4.4,5.0,5.0,Per-user/month,87,89,84,83,Yes,65,80,11.0,0.0,0,0.0,,
B105,Trello,Competitor Benchmark,Productivity SaaS,Advanced,Automation,Yes,Yes,5,5,4.4,4.4,5.0,5.0,Per-user/month,87,89,84,83,Yes,65,80,11.0,0.0,0,0.0,,
B106,Trello,Competitor Benchmark,Productivity SaaS,AI,AI Assistant,Yes,Yes,5,5,4.4,4.4,5.0,5.0,Per-user/month,87,89,84,83,Yes,65,80,11.0,0.0,0,0.0,,
B107,Trello,Competitor Benchmark,Productivity SaaS,AI,AI Summaries,No,No,4,4,4.4,4.4,5.0,5.0,Per-user/month,87,89,84,83,Yes,65,80,11.0,0.0,0,0.0,,
B108,Trello,Competitor Benchmark,Productivity SaaS,Analytics,Advanced Reporting,Partial,Partial,4,4,4.4,4.4,5.0,5.0,Per-user/month,87,89,84,83,Yes,65,80,11.0,0.0,0,0.0,,
B109,Trello,Competitor Benchmark,Productivity SaaS,Analytics,Dashboards,Partial,Partial,4,4,4.4,4.4,5.0,5.0,Per-user/month,87,89,84,83,Yes,65,80,11.0,0.0,0,0.0,,
B110,Trello,Competitor Benchmark,Productivity SaaS,Integrations,Third-party Integrations,Yes,Yes,5,5,4.4,4.4,5.0,5.0,Per-user/month,87,89,84,83,Yes,65,80,11.0,0.0,0,0.0,,
B111,Trello,Competitor Benchmark,Productivity SaaS,Collaboration,Real-time Collaboration,Yes,Yes,4,4,4.4,4.4,5.0,5.0,Per-user/month,87,89,84,83,Yes,65,80,11.0,0.0,0,0.0,,
B112,Trello,Competitor Benchmark,Productivity SaaS,Collaboration,Comments & Mentions,Yes,Yes,3,3,4.4,4.4,5.0,5.0,Per-user/month,87,89,84,83,Yes,65,80,11.0,0.0,0,0.0,,
B113,Trello,Competitor Benchmark,Productivity SaaS,Mobile,Mobile App,Yes,Yes,4,4,4.4,4.4,5.0,5.0,Per-user/month,87,89,84,83,Yes,65,80,11.0,0.0,0,0.0,,
B114,Trello,Competitor Benchmark,Productivity SaaS,Security,SSO & Enterprise Security,Yes,Yes,5,5,4.4,4.4,5.0,5.0,Per-user/month,87,89,84,83,Yes,65,80,11.0,0.0,0,0.0,,
B115,Trello,Competitor Benchmark,Productivity SaaS,Security,Audit Logs,Partial,Partial,4,4,4.4,4.4,5.0,5.0,Per-user/month,87,89,84,83,Yes,65,80,11.0,0.0,0,0.0,,
B116,Trello,Competitor Benchmark,Productivity SaaS,Experience,Ease of Use,Yes,Yes,5,5,4.4,4.4,5.0,5.0,Per-user/month,87,89,84,83,Yes,65,80,11.0,0.0,0,0.0,,
B117,Trello,Competitor Benchmark,Productivity SaaS,Experience,Onboarding,Yes,Yes,4,4,4.4,4.4,5.0,5.0,Per-user/month,87,89,84,83,Yes,65,80,11.0,0.0,0,0.0,,
B118,Trello,Competitor Benchmark,Productivity SaaS,Support,Customer Support,Yes,Yes,4,4,4.4,4.4,5.0,5.0,Per-user/month,87,89,84,83,Yes,65,80,11.0,0.0,0,0.0,,
B119,Trello,Competitor Benchmark,Productivity SaaS,Customization,Custom Fields,Yes,Yes,4,4,4.4,4.4,5.0,5.0,Per-user/month,87,89,84,83,Yes,65,80,11.0,0.0,0,0.0,,
B120,Trello,Competitor Benchmark,Productivity SaaS,Pricing,Free/Freemium Plan,Yes,Yes,3,3,4.4,4.4,5.0,5.0,Per-user/month,87,89,84,83,Yes,65,80,11.0,0.0,0,0.0,,
